release_date,actual,forecast
2022-02-10,0.6,0.5
2022-03-10,0.8,0.8
2022-04-12,1.2,1.2
2022-05-11,0.3,0.2
2022-06-10,1.0,0.7
2022-07-13,1.3,1.1
2022-08-10,0,0.2
2022-09-13,0.1,-0.1
2022-10-13,0.4,0.2
2022-11-10,0.4,0.6
2022-12-13,0.1,0.3
2023-01-12,-0.1,0.0
2023-02-14,0.5,0.5
2023-03-14,0.4,0.4
2023-04-12,0.1,0.3
2023-05-10,0.4,0.4
2023-06-13,0.1,0.2
2023-07-12,0.2,0.3
2023-08-10,0.2,0.2
2023-09-13,0.6,0.6
2023-10-12,0.4,0.3
2023-11-14,0.0,0.1
2023-12-12,0.1,0.1
2024-01-11,0.3,0.2
2024-02-13,0.3,0.2
2024-03-12,0.4,0.4
2024-04-10,0.4,0.3
2024-05-15,0.3,0.4
2024-06-12,0.0,0.1
2024-07-11,-0.1,0.1
2024-08-14,0.2,0.2
2024-09-11,0.2,0.2
2024-10-10,0.2,0.1
2024-11-13,0.2,0.2
2024-12-11,0.3,0.3
2025-01-15,0.4,0.3
2025-02-12,0.5,0.3
2025-03-12,0.2,0.3
2025-04-10,-0.1,0.1
2025-05-13,0.2,0.3
2025-06-11,0.1,0.2
2025-07-15,0.3,0.3
2025-08-12,0.2,0.2
2025-09-11,0.4,0.3
2025-10-24,0.3,0.4
2026-01-13,0.3,0.3
2026-02-13,0.2,0.3
2026-03-11,0.3,0.3
2026-04-10,0.9,0.9
2026-05-12,0.6,0.6
2026-06-10,0.5,0.5
2026-07-14,-0.4,-0.1
2026-08-12,0.1,0.1
2026-09-11,0.4,0.4